{
    "entropy": {
        "coef": -0.07705803,
        "mean": 4.132491e-03,
        "std": 4.193345e-01
    },
    "hometime": {
        "coef": -0.74001826,
        "mean": -4.256811e+05,
        "std": 2.199408e+07
    },
    "screen_duration": {
        "coef": 0.12002379,
        "mean": 8.479066e+04,
        "std": 1.127670e+07
    },
    "gps_data_quality": {
        "coef": 0.2187653,
        "mean": -2.222512e-03,
        "std": 2.301561e-01
    },
    "step_count": {
        "coef": 0.11418704,
        "mean": -4.385282e+02,
        "std": 5.877810e+03
    }
}